{
	"class_name" : "PinholeCameraParameters",
	"extrinsic" : 
	[
		0.99681820213177552,
		0.03829044270945417,
		0.069909326243990461,
		0.0,
		-0.027924980812716937,
		0.98923521447027074,
		-0.14364499955991106,
		0.0,
		-0.074656997966594377,
		0.14123573361253683,
		0.98715692785166864,
		0.0,
		0.26122364439624429,
		-0.45472246810118971,
		0.92781564336391931,
		1.0
	],
	"intrinsic" : 
	{
		"height" : 540,
		"intrinsic_matrix" : 
		[
			467.65371804359688,
			0.0,
			0.0,
			0.0,
			467.65371804359688,
			0.0,
			479.5,
			269.5,
			1.0
		],
		"width" : 960
	},
	"version_major" : 1,
	"version_minor" : 0
}