{
	"class_name" : "PinholeCameraParameters",
	"extrinsic" : 
	[
		0.94874438943596395,
		0.15721439575916013,
		-0.27416731621377177,
		0.0,
		-0.11025139062401472,
		0.97763720266845833,
		0.17908135253024796,
		0.0,
		0.29619033471612655,
		-0.13967510058945437,
		0.94486091669413175,
		0.0,
		-0.60358243009608303,
		0.23385810556585457,
		1.0369393367789796,
		1.0
	],
	"intrinsic" : 
	{
		"height" : 540,
		"intrinsic_matrix" : 
		[
			467.65371804359688,
			0.0,
			0.0,
			0.0,
			467.65371804359688,
			0.0,
			479.5,
			269.5,
			1.0
		],
		"width" : 960
	},
	"version_major" : 1,
	"version_minor" : 0
}