{
	"class_name" : "PinholeCameraParameters",
	"extrinsic" : 
	[
		0.99685562832229557,
		0.05013425390402091,
		-0.061362960062635544,
		0.0,
		-0.017136293369879395,
		0.89247209009786987,
		0.45077701343999471,
		0.0,
		0.077364098467589404,
		-0.44830806928029632,
		0.89052494141740368,
		0.0,
		-0.56356120346891814,
		0.87191309427555375,
		1.6745642529321114,
		1.0
	],
	"intrinsic" : 
	{
		"height" : 540,
		"intrinsic_matrix" : 
		[
			467.65371804359688,
			0.0,
			0.0,
			0.0,
			467.65371804359688,
			0.0,
			479.5,
			269.5,
			1.0
		],
		"width" : 960
	},
	"version_major" : 1,
	"version_minor" : 0
}