{
	"class_name" : "PinholeCameraParameters",
	"extrinsic" : 
	[
		0.99685562832229557,
		0.050318116904102261,
		-0.061212281393414343,
		0.0,
		-0.017136293369879395,
		0.89111574496465218,
		0.45345239719912661,
		0.0,
		0.077364098467589404,
		-0.45097762271238939,
		0.88917601186771733,
		0.0,
		0.14532969079050334,
		0.4974258548397078,
		0.9584830656956691,
		1.0
	],
	"intrinsic" : 
	{
		"height" : 540,
		"intrinsic_matrix" : 
		[
			467.65371804359688,
			0.0,
			0.0,
			0.0,
			467.65371804359688,
			0.0,
			479.5,
			269.5,
			1.0
		],
		"width" : 960
	},
	"version_major" : 1,
	"version_minor" : 0
}