{
	"class_name" : "PinholeCameraParameters",
	"extrinsic" : 
	[
		0.99801615628654294,
		0.062958333769523034,
		-0.0,
		0.0,
		0.062958333769523034,
		-0.99801615628654294,
		-0.0,
		0.0,
		-0.0,
		-0.0,
		-1.0,
		0.0,
		-0.014646775523940605,
		-0.18191990148254111,
		93.594953087663811,
		1.0
	],
	"intrinsic" : 
	{
		"height" : 540,
		"intrinsic_matrix" : 
		[
			467.65371804359688,
			0.0,
			0.0,
			0.0,
			467.65371804359688,
			0.0,
			479.5,
			269.5,
			1.0
		],
		"width" : 960
	},
	"version_major" : 1,
	"version_minor" : 0
}