{
	"class_name" : "PinholeCameraParameters",
	"extrinsic" : 
	[
		0.99941180674729613,
		0.021142020557186881,
		-0.027001027774228102,
		0.0,
		0.020971913447290991,
		-0.99975849242246684,
		-0.0065677755378708664,
		0.0,
		-0.027133362866856092,
		0.0059976491991452054,
		-0.99961382984811675,
		0.0,
		9.6388237649602608,
		-2.6046492954981528,
		57.516521033454225,
		1.0
	],
	"intrinsic" : 
	{
		"height" : 540,
		"intrinsic_matrix" : 
		[
			467.65371804359688,
			0.0,
			0.0,
			0.0,
			467.65371804359688,
			0.0,
			479.5,
			269.5,
			1.0
		],
		"width" : 960
	},
	"version_major" : 1,
	"version_minor" : 0
}