{
	"class_name" : "PinholeCameraParameters",
	"extrinsic" : 
	[
		0.99998200005399995,
		-0.0059999640000648006,
		-0.0,
		0.0,
		-0.0059999640000648006,
		-0.99998200005399995,
		-0.0,
		0.0,
		0.0,
		0.0,
		-1.0,
		0.0,
		2.3792791645661882,
		8.1141783243476961,
		83.377616891910407,
		1.0
	],
	"intrinsic" : 
	{
		"height" : 540,
		"intrinsic_matrix" : 
		[
			467.65371804359688,
			0.0,
			0.0,
			0.0,
			467.65371804359688,
			0.0,
			479.5,
			269.5,
			1.0
		],
		"width" : 960
	},
	"version_major" : 1,
	"version_minor" : 0
}