{
	"class_name" : "PinholeCameraParameters",
	"extrinsic" : 
	[
		0.99999544670434337,
		0.00023599210056611866,
		-0.0030084677677288964,
		0.0,
		-0.00030642422200893968,
		-0.98384379689396362,
		-0.17902873908248831,
		0.0,
		-0.0030021117196332844,
		0.17902884577910341,
		-0.98383924484858043,
		0.0,
		5.5466681338132009,
		4.4770828812823975,
		57.253362248620448,
		1.0
	],
	"intrinsic" : 
	{
		"height" : 540,
		"intrinsic_matrix" : 
		[
			467.65371804359688,
			0.0,
			0.0,
			0.0,
			467.65371804359688,
			0.0,
			479.5,
			269.5,
			1.0
		],
		"width" : 960
	},
	"version_major" : 1,
	"version_minor" : 0
}