{
	"class_name" : "PinholeCameraParameters",
	"extrinsic" : 
	[
		0.97740113482686375,
		-0.21139305012028908,
		-0.0,
		0.0,
		-0.21139305012028908,
		-0.97740113482686375,
		-0.0,
		0.0,
		0.0,
		0.0,
		-1.0,
		0.0,
		11.361511171451451,
		23.425058814559087,
		94.40311463878092,
		1.0
	],
	"intrinsic" : 
	{
		"height" : 540,
		"intrinsic_matrix" : 
		[
			467.65371804359688,
			0.0,
			0.0,
			0.0,
			467.65371804359688,
			0.0,
			479.5,
			269.5,
			1.0
		],
		"width" : 960
	},
	"version_major" : 1,
	"version_minor" : 0
}